{"__meta":{"schema_version":3,"schema_name":"XGBoostModelV3","schema_type":"XGBoostModel"},"model_id":{"__meta":{"schema_version":3,"schema_name":"ModelKeyV3","schema_type":"Key<Model>"},"name":"XGBoost_grid_1_AutoML_20190924_085112_model_26","type":"Key<Model>","URL":"/3/Models/XGBoost_grid_1_AutoML_20190924_085112_model_26"},"algo":"xgboost","algo_full_name":"XGBoost","response_column_name":"Species","data_frame":{"__meta":{"schema_version":3,"schema_name":"FrameKeyV3","schema_type":"Key<Frame>"},"name":"automl_training_train_sid_be59_287","type":"Key<Frame>","URL":"/3/Frames/automl_training_train_sid_be59_287"},"timestamp":1569307888920,"have_pojo":false,"have_mojo":true,"algo":"xgboost","algo_full_name":"XGBoost","model_id":{"__meta":{"schema_version":3,"schema_name":"ModelKeyV3","schema_type":"Key<Model>"},"name":"XGBoost_grid_1_AutoML_20190924_085112_model_26","type":"Key<Model>","URL":"/3/Models/XGBoost_grid_1_AutoML_20190924_085112_model_26"},"parameters":[{"__meta":{"schema_version":3,"schema_name":"ModelParameterSchemaV3","schema_type":"Iced"},"name":"model_id","label":"model_id","help":"Destination id for this model; auto-generated if not specified.","required":false,"type":"Key<Model>","default_value":null,"actual_value":{"__meta":{"schema_version":3,"schema_name":"ModelKeyV3","schema_type":"Key<Model>"},"name":"XGBoost_grid_1_AutoML_20190924_085112_model_26","type":"Key<Model>","URL":"/3/Models/XGBoost_grid_1_AutoML_20190924_085112_model_26"},"level":"critical","values":[],"is_member_of_frames":[],"is_mutually_exclusive_with":[],"gridable":false},{"__meta":{"schema_version":3,"schema_name":"ModelParameterSchemaV3","schema_type":"Iced"},"name":"training_frame","label":"training_frame","help":"Id of the training data frame.","required":false,"type":"Key<Frame>","default_value":null,"actual_value":{"__meta":{"schema_version":3,"schema_name":"FrameKeyV3","schema_type":"Key<Frame>"},"name":"automl_training_train_sid_be59_287","type":"Key<Frame>","URL":"/3/Frames/automl_training_train_sid_be59_287"},"level":"critical","values":[],"is_member_of_frames":[],"is_mutually_exclusive_with":[],"gridable":false},{"__meta":{"schema_version":3,"schema_name":"ModelParameterSchemaV3","schema_type":"Iced"},"name":"validation_frame","label":"validation_frame","help":"Id of the validation data frame.","required":false,"type":"Key<Frame>","default_value":null,"actual_value":{"__meta":{"schema_version":3,"schema_name":"FrameKeyV3","schema_type":"Key<Frame>"},"name":"valid_sid_be59_289","type":"Key<Frame>","URL":"/3/Frames/valid_sid_be59_289"},"level":"critical","values":[],"is_member_of_frames":[],"is_mutually_exclusive_with":[],"gridable":true},{"__meta":{"schema_version":3,"schema_name":"ModelParameterSchemaV3","schema_type":"Iced"},"name":"nfolds","label":"nfolds","help":"Number of folds for K-fold cross-validation (0 to disable or >= 2).","required":false,"type":"int","default_value":0,"actual_value":0,"level":"critical","values":[],"is_member_of_frames":[],"is_mutually_exclusive_with":[],"gridable":false},{"__meta":{"schema_version":3,"schema_name":"ModelParameterSchemaV3","schema_type":"Iced"},"name":"keep_cross_validation_models","label":"keep_cross_validation_models","help":"Whether to keep the cross-validation models.","required":false,"type":"boolean","default_value":true,"actual_value":false,"level":"expert","values":[],"is_member_of_frames":[],"is_mutually_exclusive_with":[],"gridable":false},{"__meta":{"schema_version":3,"schema_name":"ModelParameterSchemaV3","schema_type":"Iced"},"name":"keep_cross_validation_predictions","label":"keep_cross_validation_predictions","help":"Whether to keep the predictions of the cross-validation models.","required":false,"type":"boolean","default_value":false,"actual_value":true,"level":"expert","values":[],"is_member_of_frames":[],"is_mutually_exclusive_with":[],"gridable":false},{"__meta":{"schema_version":3,"schema_name":"ModelParameterSchemaV3","schema_type":"Iced"},"name":"keep_cross_validation_fold_assignment","label":"keep_cross_validation_fold_assignment","help":"Whether to keep the cross-validation fold assignment.","required":false,"type":"boolean","default_value":false,"actual_value":false,"level":"expert","values":[],"is_member_of_frames":[],"is_mutually_exclusive_with":[],"gridable":false},{"__meta":{"schema_version":3,"schema_name":"ModelParameterSchemaV3","schema_type":"Iced"},"name":"score_each_iteration","label":"score_each_iteration","help":"Whether to score during each iteration of model training.","required":false,"type":"boolean","default_value":false,"actual_value":false,"level":"secondary","values":[],"is_member_of_frames":[],"is_mutually_exclusive_with":[],"gridable":false},{"__meta":{"schema_version":3,"schema_name":"ModelParameterSchemaV3","schema_type":"Iced"},"name":"fold_assignment","label":"fold_assignment","help":"Cross-validation fold assignment scheme, if fold_column is not specified. The 'Stratified' option will stratify the folds based on the response variable, for classification problems.","required":false,"type":"enum","default_value":"AUTO","actual_value":"AUTO","level":"secondary","values":["AUTO","Random","Modulo","Stratified"],"is_member_of_frames":[],"is_mutually_exclusive_with":[],"gridable":true},{"__meta":{"schema_version":3,"schema_name":"ModelParameterSchemaV3","schema_type":"Iced"},"name":"fold_column","label":"fold_column","help":"Column with cross-validation fold index assignment per observation.","required":false,"type":"VecSpecifier","default_value":null,"actual_value":null,"level":"secondary","values":[],"is_member_of_frames":["training_frame"],"is_mutually_exclusive_with":["response_column","weights_column","ignored_columns","offset_column"],"gridable":true},{"__meta":{"schema_version":3,"schema_name":"ModelParameterSchemaV3","schema_type":"Iced"},"name":"response_column","label":"response_column","help":"Response variable column.","required":false,"type":"VecSpecifier","default_value":null,"actual_value":{"__meta":{"schema_version":3,"schema_name":"ColSpecifierV3","schema_type":"VecSpecifier"},"column_name":"Species","is_member_of_frames":null},"level":"critical","values":[],"is_member_of_frames":["training_frame","validation_frame"],"is_mutually_exclusive_with":["weights_column","ignored_columns","offset_column","fold_column"],"gridable":true},{"__meta":{"schema_version":3,"schema_name":"ModelParameterSchemaV3","schema_type":"Iced"},"name":"ignored_columns","label":"ignored_columns","help":"Names of columns to ignore for training.","required":false,"type":"string[]","default_value":null,"actual_value":null,"level":"critical","values":[],"is_member_of_frames":["training_frame","validation_frame"],"is_mutually_exclusive_with":["response_column","weights_column","offset_column","fold_column"],"gridable":false},{"__meta":{"schema_version":3,"schema_name":"ModelParameterSchemaV3","schema_type":"Iced"},"name":"ignore_const_cols","label":"ignore_const_cols","help":"Ignore constant columns.","required":false,"type":"boolean","default_value":true,"actual_value":true,"level":"critical","values":[],"is_member_of_frames":[],"is_mutually_exclusive_with":[],"gridable":false},{"__meta":{"schema_version":3,"schema_name":"ModelParameterSchemaV3","schema_type":"Iced"},"name":"offset_column","label":"offset_column","help":"Offset column. This will be added to the combination of columns before applying the link function.","required":false,"type":"VecSpecifier","default_value":null,"actual_value":null,"level":"secondary","values":[],"is_member_of_frames":["training_frame","validation_frame"],"is_mutually_exclusive_with":["response_column","weights_column","ignored_columns","fold_column"],"gridable":true},{"__meta":{"schema_version":3,"schema_name":"ModelParameterSchemaV3","schema_type":"Iced"},"name":"weights_column","label":"weights_column","help":"Column with observation weights. Giving some observation a weight of zero is equivalent to excluding it from the dataset; giving an observation a relative weight of 2 is equivalent to repeating that row twice. Negative weights are not allowed. Note: Weights are per-row observation weights and do not increase the size of the data frame. This is typically the number of times a row is repeated, but non-integer values are supported as well. During training, rows with higher weights matter more, due to the larger loss function pre-factor.","required":false,"type":"VecSpecifier","default_value":null,"actual_value":null,"level":"secondary","values":[],"is_member_of_frames":["training_frame","validation_frame"],"is_mutually_exclusive_with":["response_column","ignored_columns","offset_column","fold_column"],"gridable":true},{"__meta":{"schema_version":3,"schema_name":"ModelParameterSchemaV3","schema_type":"Iced"},"name":"stopping_rounds","label":"stopping_rounds","help":"Early stopping based on convergence of stopping_metric. Stop if simple moving average of length k of the stopping_metric does not improve for k:=stopping_rounds scoring events (0 to disable)","required":false,"type":"int","default_value":0,"actual_value":5,"level":"secondary","values":[],"is_member_of_frames":[],"is_mutually_exclusive_with":[],"gridable":true},{"__meta":{"schema_version":3,"schema_name":"ModelParameterSchemaV3","schema_type":"Iced"},"name":"stopping_metric","label":"stopping_metric","help":"Metric to use for early stopping (AUTO: logloss for classification, deviance for regression). Note that custom and custom_increasing can only be used in GBM and DRF with the Python client.","required":false,"type":"enum","default_value":"AUTO","actual_value":"mean_per_class_error","level":"secondary","values":["AUTO","deviance","logloss","MSE","RMSE","MAE","RMSLE","AUC","lift_top_group","misclassification","mean_per_class_error","custom","custom_increasing"],"is_member_of_frames":[],"is_mutually_exclusive_with":[],"gridable":true},{"__meta":{"schema_version":3,"schema_name":"ModelParameterSchemaV3","schema_type":"Iced"},"name":"stopping_tolerance","label":"stopping_tolerance","help":"Relative tolerance for metric-based stopping criterion (stop if relative improvement is not at least this much)","required":false,"type":"double","default_value":0.001,"actual_value":0.05,"level":"secondary","values":[],"is_member_of_frames":[],"is_mutually_exclusive_with":[],"gridable":true},{"__meta":{"schema_version":3,"schema_name":"ModelParameterSchemaV3","schema_type":"Iced"},"name":"max_runtime_secs","label":"max_runtime_secs","help":"Maximum allowed runtime in seconds for model training. Use 0 to disable.","required":false,"type":"double","default_value":0.0,"actual_value":18.240000000000002,"level":"secondary","values":[],"is_member_of_frames":[],"is_mutually_exclusive_with":[],"gridable":true},{"__meta":{"schema_version":3,"schema_name":"ModelParameterSchemaV3","schema_type":"Iced"},"name":"seed","label":"seed","help":"Seed for pseudo random number generator (if applicable)","required":false,"type":"long","default_value":-1,"actual_value":1,"level":"critical","values":[],"is_member_of_frames":[],"is_mutually_exclusive_with":[],"gridable":true},{"__meta":{"schema_version":3,"schema_name":"ModelParameterSchemaV3","schema_type":"Iced"},"name":"distribution","label":"distribution","help":"Distribution function","required":false,"type":"enum","default_value":"AUTO","actual_value":"multinomial","level":"secondary","values":["AUTO","bernoulli","quasibinomial","ordinal","multinomial","gaussian","poisson","gamma","tweedie","laplace","quantile","huber"],"is_member_of_frames":[],"is_mutually_exclusive_with":[],"gridable":true},{"__meta":{"schema_version":3,"schema_name":"ModelParameterSchemaV3","schema_type":"Iced"},"name":"tweedie_power","label":"tweedie_power","help":"Tweedie power for Tweedie regression, must be between 1 and 2.","required":false,"type":"double","default_value":1.5,"actual_value":1.5,"level":"secondary","values":[],"is_member_of_frames":[],"is_mutually_exclusive_with":[],"gridable":true},{"__meta":{"schema_version":3,"schema_name":"ModelParameterSchemaV3","schema_type":"Iced"},"name":"categorical_encoding","label":"categorical_encoding","help":"Encoding scheme for categorical features","required":false,"type":"enum","default_value":"AUTO","actual_value":"AUTO","level":"secondary","values":["AUTO","Enum","OneHotInternal","OneHotExplicit","Binary","Eigen","LabelEncoder","SortByResponse","EnumLimited"],"is_member_of_frames":[],"is_mutually_exclusive_with":[],"gridable":true},{"__meta":{"schema_version":3,"schema_name":"ModelParameterSchemaV3","schema_type":"Iced"},"name":"quiet_mode","label":"quiet_mode","help":"Enable quiet mode","required":false,"type":"boolean","default_value":true,"actual_value":true,"level":"expert","values":[],"is_member_of_frames":[],"is_mutually_exclusive_with":[],"gridable":false},{"__meta":{"schema_version":3,"schema_name":"ModelParameterSchemaV3","schema_type":"Iced"},"name":"export_checkpoints_dir","label":"export_checkpoints_dir","help":"Automatically export generated models to this directory.","required":false,"type":"string","default_value":null,"actual_value":null,"level":"secondary","values":[],"is_member_of_frames":[],"is_mutually_exclusive_with":[],"gridable":false},{"__meta":{"schema_version":3,"schema_name":"ModelParameterSchemaV3","schema_type":"Iced"},"name":"ntrees","label":"ntrees","help":"(same as n_estimators) Number of trees.","required":false,"type":"int","default_value":50,"actual_value":10000,"level":"critical","values":[],"is_member_of_frames":[],"is_mutually_exclusive_with":[],"gridable":true},{"__meta":{"schema_version":3,"schema_name":"ModelParameterSchemaV3","schema_type":"Iced"},"name":"max_depth","label":"max_depth","help":"Maximum tree depth.","required":false,"type":"int","default_value":6,"actual_value":20,"level":"critical","values":[],"is_member_of_frames":[],"is_mutually_exclusive_with":[],"gridable":true},{"__meta":{"schema_version":3,"schema_name":"ModelParameterSchemaV3","schema_type":"Iced"},"name":"min_rows","label":"min_rows","help":"(same as min_child_weight) Fewest allowed (weighted) observations in a leaf.","required":false,"type":"double","default_value":1.0,"actual_value":0.1,"level":"critical","values":[],"is_member_of_frames":[],"is_mutually_exclusive_with":[],"gridable":true},{"__meta":{"schema_version":3,"schema_name":"ModelParameterSchemaV3","schema_type":"Iced"},"name":"min_child_weight","label":"min_child_weight","help":"(same as min_rows) Fewest allowed (weighted) observations in a leaf.","required":false,"type":"double","default_value":1.0,"actual_value":1.0,"level":"critical","values":[],"is_member_of_frames":[],"is_mutually_exclusive_with":[],"gridable":true},{"__meta":{"schema_version":3,"schema_name":"ModelParameterSchemaV3","schema_type":"Iced"},"name":"learn_rate","label":"learn_rate","help":"(same as eta) Learning rate (from 0.0 to 1.0)","required":false,"type":"double","default_value":0.3,"actual_value":0.05,"level":"critical","values":[],"is_member_of_frames":[],"is_mutually_exclusive_with":[],"gridable":true},{"__meta":{"schema_version":3,"schema_name":"ModelParameterSchemaV3","schema_type":"Iced"},"name":"eta","label":"eta","help":"(same as learn_rate) Learning rate (from 0.0 to 1.0)","required":false,"type":"double","default_value":0.3,"actual_value":0.3,"level":"critical","values":[],"is_member_of_frames":[],"is_mutually_exclusive_with":[],"gridable":true},{"__meta":{"schema_version":3,"schema_name":"ModelParameterSchemaV3","schema_type":"Iced"},"name":"sample_rate","label":"sample_rate","help":"(same as subsample) Row sample rate per tree (from 0.0 to 1.0)","required":false,"type":"double","default_value":1.0,"actual_value":0.8,"level":"critical","values":[],"is_member_of_frames":[],"is_mutually_exclusive_with":[],"gridable":true},{"__meta":{"schema_version":3,"schema_name":"ModelParameterSchemaV3","schema_type":"Iced"},"name":"subsample","label":"subsample","help":"(same as sample_rate) Row sample rate per tree (from 0.0 to 1.0)","required":false,"type":"double","default_value":1.0,"actual_value":1.0,"level":"critical","values":[],"is_member_of_frames":[],"is_mutually_exclusive_with":[],"gridable":true},{"__meta":{"schema_version":3,"schema_name":"ModelParameterSchemaV3","schema_type":"Iced"},"name":"col_sample_rate","label":"col_sample_rate","help":"(same as colsample_bylevel) Column sample rate (from 0.0 to 1.0)","required":false,"type":"double","default_value":1.0,"actual_value":1.0,"level":"critical","values":[],"is_member_of_frames":[],"is_mutually_exclusive_with":[],"gridable":true},{"__meta":{"schema_version":3,"schema_name":"ModelParameterSchemaV3","schema_type":"Iced"},"name":"colsample_bylevel","label":"colsample_bylevel","help":"(same as col_sample_rate) Column sample rate (from 0.0 to 1.0)","required":false,"type":"double","default_value":1.0,"actual_value":1.0,"level":"critical","values":[],"is_member_of_frames":[],"is_mutually_exclusive_with":[],"gridable":true},{"__meta":{"schema_version":3,"schema_name":"ModelParameterSchemaV3","schema_type":"Iced"},"name":"col_sample_rate_per_tree","label":"col_sample_rate_per_tree","help":"(same as colsample_bytree) Column sample rate per tree (from 0.0 to 1.0)","required":false,"type":"double","default_value":1.0,"actual_value":1.0,"level":"secondary","values":[],"is_member_of_frames":[],"is_mutually_exclusive_with":[],"gridable":true},{"__meta":{"schema_version":3,"schema_name":"ModelParameterSchemaV3","schema_type":"Iced"},"name":"colsample_bytree","label":"colsample_bytree","help":"(same as col_sample_rate_per_tree) Column sample rate per tree (from 0.0 to 1.0)","required":false,"type":"double","default_value":1.0,"actual_value":1.0,"level":"secondary","values":[],"is_member_of_frames":[],"is_mutually_exclusive_with":[],"gridable":true},{"__meta":{"schema_version":3,"schema_name":"ModelParameterSchemaV3","schema_type":"Iced"},"name":"max_abs_leafnode_pred","label":"max_abs_leafnode_pred","help":"(same as max_delta_step) Maximum absolute value of a leaf node prediction","required":false,"type":"float","default_value":0.0,"actual_value":0.0,"level":"expert","values":[],"is_member_of_frames":[],"is_mutually_exclusive_with":[],"gridable":true},{"__meta":{"schema_version":3,"schema_name":"ModelParameterSchemaV3","schema_type":"Iced"},"name":"max_delta_step","label":"max_delta_step","help":"(same as max_abs_leafnode_pred) Maximum absolute value of a leaf node prediction","required":false,"type":"float","default_value":0.0,"actual_value":0.0,"level":"expert","values":[],"is_member_of_frames":[],"is_mutually_exclusive_with":[],"gridable":true},{"__meta":{"schema_version":3,"schema_name":"ModelParameterSchemaV3","schema_type":"Iced"},"name":"monotone_constraints","label":"monotone_constraints","help":"A mapping representing monotonic constraints. Use +1 to enforce an increasing constraint and -1 to specify a decreasing constraint.","required":false,"type":"KeyValue[]","default_value":null,"actual_value":null,"level":"secondary","values":[],"is_member_of_frames":[],"is_mutually_exclusive_with":[],"gridable":false},{"__meta":{"schema_version":3,"schema_name":"ModelParameterSchemaV3","schema_type":"Iced"},"name":"score_tree_interval","label":"score_tree_interval","help":"Score the model after every so many trees. Disabled if set to 0.","required":false,"type":"int","default_value":0,"actual_value":5,"level":"secondary","values":[],"is_member_of_frames":[],"is_mutually_exclusive_with":[],"gridable":false},{"__meta":{"schema_version":3,"schema_name":"ModelParameterSchemaV3","schema_type":"Iced"},"name":"min_split_improvement","label":"min_split_improvement","help":"(same as gamma) Minimum relative improvement in squared error reduction for a split to happen","required":false,"type":"float","default_value":0.0,"actual_value":0.0,"level":"secondary","values":[],"is_member_of_frames":[],"is_mutually_exclusive_with":[],"gridable":true},{"__meta":{"schema_version":3,"schema_name":"ModelParameterSchemaV3","schema_type":"Iced"},"name":"gamma","label":"gamma","help":"(same as min_split_improvement) Minimum relative improvement in squared error reduction for a split to happen","required":false,"type":"float","default_value":0.0,"actual_value":0.0,"level":"secondary","values":[],"is_member_of_frames":[],"is_mutually_exclusive_with":[],"gridable":true},{"__meta":{"schema_version":3,"schema_name":"ModelParameterSchemaV3","schema_type":"Iced"},"name":"nthread","label":"nthread","help":"Number of parallel threads that can be used to run XGBoost. Cannot exceed H2O cluster limits (-nthreads parameter). Defaults to maximum available","required":false,"type":"int","default_value":-1,"actual_value":-1,"level":"expert","values":[],"is_member_of_frames":[],"is_mutually_exclusive_with":[],"gridable":false},{"__meta":{"schema_version":3,"schema_name":"ModelParameterSchemaV3","schema_type":"Iced"},"name":"max_bins","label":"max_bins","help":"For tree_method=hist only: maximum number of bins","required":false,"type":"int","default_value":256,"actual_value":256,"level":"expert","values":[],"is_member_of_frames":[],"is_mutually_exclusive_with":[],"gridable":true},{"__meta":{"schema_version":3,"schema_name":"ModelParameterSchemaV3","schema_type":"Iced"},"name":"max_leaves","label":"max_leaves","help":"For tree_method=hist only: maximum number of leaves","required":false,"type":"int","default_value":0,"actual_value":0,"level":"secondary","values":[],"is_member_of_frames":[],"is_mutually_exclusive_with":[],"gridable":true},{"__meta":{"schema_version":3,"schema_name":"ModelParameterSchemaV3","schema_type":"Iced"},"name":"min_sum_hessian_in_leaf","label":"min_sum_hessian_in_leaf","help":"For tree_method=hist only: the mininum sum of hessian in a leaf to keep splitting","required":false,"type":"float","default_value":100.0,"actual_value":100.0,"level":"expert","values":[],"is_member_of_frames":[],"is_mutually_exclusive_with":[],"gridable":true},{"__meta":{"schema_version":3,"schema_name":"ModelParameterSchemaV3","schema_type":"Iced"},"name":"min_data_in_leaf","label":"min_data_in_leaf","help":"For tree_method=hist only: the mininum data in a leaf to keep splitting","required":false,"type":"float","default_value":0.0,"actual_value":0.0,"level":"expert","values":[],"is_member_of_frames":[],"is_mutually_exclusive_with":[],"gridable":true},{"__meta":{"schema_version":3,"schema_name":"ModelParameterSchemaV3","schema_type":"Iced"},"name":"sample_type","label":"sample_type","help":"For booster=dart only: sample_type","required":false,"type":"enum","default_value":"uniform","actual_value":"uniform","level":"expert","values":["uniform","weighted"],"is_member_of_frames":[],"is_mutually_exclusive_with":[],"gridable":true},{"__meta":{"schema_version":3,"schema_name":"ModelParameterSchemaV3","schema_type":"Iced"},"name":"normalize_type","label":"normalize_type","help":"For booster=dart only: normalize_type","required":false,"type":"enum","default_value":"tree","actual_value":"tree","level":"expert","values":["tree","forest"],"is_member_of_frames":[],"is_mutually_exclusive_with":[],"gridable":true},{"__meta":{"schema_version":3,"schema_name":"ModelParameterSchemaV3","schema_type":"Iced"},"name":"rate_drop","label":"rate_drop","help":"For booster=dart only: rate_drop (0..1)","required":false,"type":"float","default_value":0.0,"actual_value":0.0,"level":"expert","values":[],"is_member_of_frames":[],"is_mutually_exclusive_with":[],"gridable":true},{"__meta":{"schema_version":3,"schema_name":"ModelParameterSchemaV3","schema_type":"Iced"},"name":"one_drop","label":"one_drop","help":"For booster=dart only: one_drop","required":false,"type":"boolean","default_value":false,"actual_value":false,"level":"expert","values":[],"is_member_of_frames":[],"is_mutually_exclusive_with":[],"gridable":true},{"__meta":{"schema_version":3,"schema_name":"ModelParameterSchemaV3","schema_type":"Iced"},"name":"skip_drop","label":"skip_drop","help":"For booster=dart only: skip_drop (0..1)","required":false,"type":"float","default_value":0.0,"actual_value":0.0,"level":"expert","values":[],"is_member_of_frames":[],"is_mutually_exclusive_with":[],"gridable":true},{"__meta":{"schema_version":3,"schema_name":"ModelParameterSchemaV3","schema_type":"Iced"},"name":"tree_method","label":"tree_method","help":"Tree method","required":false,"type":"enum","default_value":"auto","actual_value":"auto","level":"secondary","values":["auto","exact","approx","hist"],"is_member_of_frames":[],"is_mutually_exclusive_with":[],"gridable":true},{"__meta":{"schema_version":3,"schema_name":"ModelParameterSchemaV3","schema_type":"Iced"},"name":"grow_policy","label":"grow_policy","help":"Grow policy - depthwise is standard GBM, lossguide is LightGBM","required":false,"type":"enum","default_value":"depthwise","actual_value":"depthwise","level":"secondary","values":["depthwise","lossguide"],"is_member_of_frames":[],"is_mutually_exclusive_with":[],"gridable":true},{"__meta":{"schema_version":3,"schema_name":"ModelParameterSchemaV3","schema_type":"Iced"},"name":"booster","label":"booster","help":"Booster type","required":false,"type":"enum","default_value":"gbtree","actual_value":"dart","level":"expert","values":["gbtree","gblinear","dart"],"is_member_of_frames":[],"is_mutually_exclusive_with":[],"gridable":true},{"__meta":{"schema_version":3,"schema_name":"ModelParameterSchemaV3","schema_type":"Iced"},"name":"reg_lambda","label":"reg_lambda","help":"L2 regularization","required":false,"type":"float","default_value":1.0,"actual_value":0.001,"level":"expert","values":[],"is_member_of_frames":[],"is_mutually_exclusive_with":[],"gridable":true},{"__meta":{"schema_version":3,"schema_name":"ModelParameterSchemaV3","schema_type":"Iced"},"name":"reg_alpha","label":"reg_alpha","help":"L1 regularization","required":false,"type":"float","default_value":0.0,"actual_value":1.0,"level":"expert","values":[],"is_member_of_frames":[],"is_mutually_exclusive_with":[],"gridable":true},{"__meta":{"schema_version":3,"schema_name":"ModelParameterSchemaV3","schema_type":"Iced"},"name":"dmatrix_type","label":"dmatrix_type","help":"Type of DMatrix. For sparse, NAs and 0 are treated equally.","required":false,"type":"enum","default_value":"auto","actual_value":"auto","level":"secondary","values":["auto","dense","sparse"],"is_member_of_frames":[],"is_mutually_exclusive_with":[],"gridable":true},{"__meta":{"schema_version":3,"schema_name":"ModelParameterSchemaV3","schema_type":"Iced"},"name":"backend","label":"backend","help":"Backend. By default (auto), a GPU is used if available.","required":false,"type":"enum","default_value":"auto","actual_value":"auto","level":"expert","values":["auto","gpu","cpu"],"is_member_of_frames":[],"is_mutually_exclusive_with":[],"gridable":true},{"__meta":{"schema_version":3,"schema_name":"ModelParameterSchemaV3","schema_type":"Iced"},"name":"gpu_id","label":"gpu_id","help":"Which GPU to use. ","required":false,"type":"int","default_value":0,"actual_value":0,"level":"expert","values":[],"is_member_of_frames":[],"is_mutually_exclusive_with":[],"gridable":false}],"output":{"__meta":{"schema_version":3,"schema_name":"XGBoostModelOutputV3","schema_type":"XGBoostOutput"},"names":["Sepal.Length","Petal.Length","Petal.Width","Species"],"column_types":["Numeric","Numeric","Numeric","Enum"],"domains":[null,null,null,["setosa","versicolor","virginica"]],"cross_validation_models":null,"cross_validation_predictions":null,"cross_validation_holdout_predictions_frame_id":null,"cross_validation_fold_assignment_frame_id":null,"model_category":"Multinomial","model_summary":{"__meta":{"schema_version":3,"schema_name":"TwoDimTableV3","schema_type":"TwoDimTable"},"name":"Model Summary","description":"","columns":[{"__meta":{"schema_version":-1,"schema_name":"ColumnSpecsBase","schema_type":"Iced"},"name":"","type":"string","format":"%s","description":""},{"__meta":{"schema_version":-1,"schema_name":"ColumnSpecsBase","schema_type":"Iced"},"name":"number_of_trees","type":"long","format":"%d","description":"Number of Trees"}],"rowcount":1,"data":[[""],[50]]},"scoring_history":{"__meta":{"schema_version":3,"schema_name":"TwoDimTableV3","schema_type":"TwoDimTable"},"name":"Scoring History","description":"","columns":[{"__meta":{"schema_version":-1,"schema_name":"ColumnSpecsBase","schema_type":"Iced"},"name":"","type":"string","format":"%s","description":""},{"__meta":{"schema_version":-1,"schema_name":"ColumnSpecsBase","schema_type":"Iced"},"name":"timestamp","type":"string","format":"%s","description":"Timestamp"},{"__meta":{"schema_version":-1,"schema_name":"ColumnSpecsBase","schema_type":"Iced"},"name":"duration","type":"string","format":"%s","description":"Duration"},{"__meta":{"schema_version":-1,"schema_name":"ColumnSpecsBase","schema_type":"Iced"},"name":"number_of_trees","type":"long","format":"%d","description":"Number of Trees"},{"__meta":{"schema_version":-1,"schema_name":"ColumnSpecsBase","schema_type":"Iced"},"name":"training_rmse","type":"double","format":"%.5f","description":"Training RMSE"},{"__meta":{"schema_version":-1,"schema_name":"ColumnSpecsBase","schema_type":"Iced"},"name":"training_logloss","type":"double","format":"%.5f","description":"Training LogLoss"},{"__meta":{"schema_version":-1,"schema_name":"ColumnSpecsBase","schema_type":"Iced"},"name":"training_classification_error","type":"double","format":"%.5f","description":"Training Classification Error"},{"__meta":{"schema_version":-1,"schema_name":"ColumnSpecsBase","schema_type":"Iced"},"name":"validation_rmse","type":"double","format":"%.5f","description":"Validation RMSE"},{"__meta":{"schema_version":-1,"schema_name":"ColumnSpecsBase","schema_type":"Iced"},"name":"validation_logloss","type":"double","format":"%.5f","description":"Validation LogLoss"},{"__meta":{"schema_version":-1,"schema_name":"ColumnSpecsBase","schema_type":"Iced"},"name":"validation_classification_error","type":"double","format":"%.5f","description":"Validation Classification Error"}],"rowcount":11,"data":[["","","","","","","","","","",""],["2019-09-24 08:51:25","2019-09-24 08:51:25","2019-09-24 08:51:25","2019-09-24 08:51:25","2019-09-24 08:51:25","2019-09-24 08:51:25","2019-09-24 08:51:25","2019-09-24 08:51:25","2019-09-24 08:51:25","2019-09-24 08:51:25","2019-09-24 08:51:25"],[" 1.335 sec"," 1.340 sec"," 1.343 sec"," 1.347 sec"," 1.351 sec"," 1.355 sec"," 1.359 sec"," 1.365 sec"," 1.371 sec"," 1.376 sec"," 1.382 sec"],[0,5,10,15,20,25,30,35,40,45,50],[0.6666666567325586,0.5587984124073995,0.46800909687193754,0.39080963139821145,0.32869315601892457,0.27860004791985865,0.2390299948371679,0.20815799194873516,0.18449768000963543,0.1676524629405938,0.15104198800973148],[1.0986122588657858,0.8186062625887055,0.6312603489553607,0.49485594692248064,0.3959768883279061,0.3215307131050161,0.2651612576740259,0.2218393444813934,0.18887054002310652,0.16539900916441447,0.14215999586855058],[0.6666666666666666,0.02857142857142857,0.009523809523809525,0.009523809523809525,0.009523809523809525,0.009523809523809525,0.009523809523809525,0.009523809523809525,0.009523809523809525,0.009523809523809525,0.009523809523809525],[0.6666666567325592,0.5768383524991109,0.507394803780186,0.4451602102225929,0.40244787087910894,0.3733738274212944,0.3537127942642206,0.34462352931263984,0.3360704233409954,0.3312871074178191,0.33058523602315115],[1.098612258865788,0.8639082879168648,0.7145089594981872,0.5964147418689347,0.5184199555005052,0.46579247258966217,0.42884526653918453,0.41007045340047316,0.390749771793162,0.37968087683019075,0.377940429886831],[0.6666666666666666,0.13333333333333333,0.13333333333333333,0.13333333333333333,0.13333333333333333,0.13333333333333333,0.13333333333333333,0.13333333333333333,0.13333333333333333,0.13333333333333333,0.13333333333333333]]},"training_metrics":{"__meta":{"schema_version":3,"schema_name":"ModelMetricsMultinomialV3","schema_type":"ModelMetricsMultinomial"},"model":{"__meta":{"schema_version":3,"schema_name":"ModelKeyV3","schema_type":"Key<Model>"},"name":"XGBoost_grid_1_AutoML_20190924_085112_model_26","type":"Key<Model>","URL":"/3/Models/XGBoost_grid_1_AutoML_20190924_085112_model_26"},"model_checksum":6838424036835417940,"frame":{"__meta":{"schema_version":3,"schema_name":"FrameKeyV3","schema_type":"Key<Frame>"},"name":"automl_training_train_sid_be59_287","type":"Key<Frame>","URL":"/3/Frames/automl_training_train_sid_be59_287"},"frame_checksum":131205305214904672,"description":null,"model_category":"Multinomial","scoring_time":1569307885842,"predictions":null,"MSE":0.022813682141931867,"RMSE":0.15104198800973148,"nobs":105,"custom_metric_name":null,"custom_metric_value":0.0,"r2":0.9657794767871022,"hit_ratio_table":{"__meta":{"schema_version":3,"schema_name":"TwoDimTableV3","schema_type":"TwoDimTable"},"name":"Top-3 Hit Ratios","description":"","columns":[{"__meta":{"schema_version":-1,"schema_name":"ColumnSpecsBase","schema_type":"Iced"},"name":"k","type":"string","format":"%s","description":"K"},{"__meta":{"schema_version":-1,"schema_name":"ColumnSpecsBase","schema_type":"Iced"},"name":"hit_ratio","type":"float","format":"%f","description":"Hit Ratio"}],"rowcount":3,"data":[["1","2","3"],[0.9904762,1.0,1.0]]},"cm":{"__meta":{"schema_version":3,"schema_name":"ConfusionMatrixV3","schema_type":"ConfusionMatrix"},"table":{"__meta":{"schema_version":3,"schema_name":"TwoDimTableV3","schema_type":"TwoDimTable"},"name":"Confusion Matrix","description":"Row labels: Actual class; Column labels: Predicted class","columns":[{"__meta":{"schema_version":-1,"schema_name":"ColumnSpecsBase","schema_type":"Iced"},"name":"setosa","type":"long","format":"%d","description":"setosa"},{"__meta":{"schema_version":-1,"schema_name":"ColumnSpecsBase","schema_type":"Iced"},"name":"versicolor","type":"long","format":"%d","description":"versicolor"},{"__meta":{"schema_version":-1,"schema_name":"ColumnSpecsBase","schema_type":"Iced"},"name":"virginica","type":"long","format":"%d","description":"virginica"},{"__meta":{"schema_version":-1,"schema_name":"ColumnSpecsBase","schema_type":"Iced"},"name":"Error","type":"double","format":"%.4f","description":"Error"},{"__meta":{"schema_version":-1,"schema_name":"ColumnSpecsBase","schema_type":"Iced"},"name":"Rate","type":"string","format":"= %7s","description":"Rate"}],"rowcount":4,"data":[[35,0,0,35],[0,34,0,34],[0,1,35,36],[0.0,0.02857142857142857,0.0,0.009523809523809525],["0 / 35","1 / 35","0 / 35","1 / 105"]]}},"logloss":0.14215999586855058,"mean_per_class_error":0.009523809523809523},"validation_metrics":{"__meta":{"schema_version":3,"schema_name":"ModelMetricsMultinomialV3","schema_type":"ModelMetricsMultinomial"},"model":{"__meta":{"schema_version":3,"schema_name":"ModelKeyV3","schema_type":"Key<Model>"},"name":"XGBoost_grid_1_AutoML_20190924_085112_model_26","type":"Key<Model>","URL":"/3/Models/XGBoost_grid_1_AutoML_20190924_085112_model_26"},"model_checksum":6838424036835417940,"frame":{"__meta":{"schema_version":3,"schema_name":"FrameKeyV3","schema_type":"Key<Frame>"},"name":"valid_sid_be59_289","type":"Key<Frame>","URL":"/3/Frames/valid_sid_be59_289"},"frame_checksum":2637369265440602280,"description":null,"model_category":"Multinomial","scoring_time":1569307885843,"predictions":null,"MSE":0.10928659827648257,"RMSE":0.33058523602315115,"nobs":15,"custom_metric_name":null,"custom_metric_value":0.0,"r2":0.8360701025852761,"hit_ratio_table":{"__meta":{"schema_version":3,"schema_name":"TwoDimTableV3","schema_type":"TwoDimTable"},"name":"Top-3 Hit Ratios","description":"","columns":[{"__meta":{"schema_version":-1,"schema_name":"ColumnSpecsBase","schema_type":"Iced"},"name":"k","type":"string","format":"%s","description":"K"},{"__meta":{"schema_version":-1,"schema_name":"ColumnSpecsBase","schema_type":"Iced"},"name":"hit_ratio","type":"float","format":"%f","description":"Hit Ratio"}],"rowcount":3,"data":[["1","2","3"],[0.8666667,1.0,1.0]]},"cm":{"__meta":{"schema_version":3,"schema_name":"ConfusionMatrixV3","schema_type":"ConfusionMatrix"},"table":{"__meta":{"schema_version":3,"schema_name":"TwoDimTableV3","schema_type":"TwoDimTable"},"name":"Confusion Matrix","description":"Row labels: Actual class; Column labels: Predicted class","columns":[{"__meta":{"schema_version":-1,"schema_name":"ColumnSpecsBase","schema_type":"Iced"},"name":"setosa","type":"long","format":"%d","description":"setosa"},{"__meta":{"schema_version":-1,"schema_name":"ColumnSpecsBase","schema_type":"Iced"},"name":"versicolor","type":"long","format":"%d","description":"versicolor"},{"__meta":{"schema_version":-1,"schema_name":"ColumnSpecsBase","schema_type":"Iced"},"name":"virginica","type":"long","format":"%d","description":"virginica"},{"__meta":{"schema_version":-1,"schema_name":"ColumnSpecsBase","schema_type":"Iced"},"name":"Error","type":"double","format":"%.4f","description":"Error"},{"__meta":{"schema_version":-1,"schema_name":"ColumnSpecsBase","schema_type":"Iced"},"name":"Rate","type":"string","format":"= %6s","description":"Rate"}],"rowcount":4,"data":[[5,0,0,5],[0,5,2,7],[0,0,3,3],[0.0,0.0,0.4,0.13333333333333333],["0 / 5","0 / 5","2 / 5","2 / 15"]]}},"logloss":0.377940429886831,"mean_per_class_error":0.13333333333333333},"cross_validation_metrics":null,"cross_validation_metrics_summary":null,"status":null,"start_time":1569307885790,"end_time":1569307885846,"run_time":56,"help":{"validation_metrics":"Validation data model metrics", "cross_validation_metrics_summary":"Cross-validation model metrics summary", "variable_importances_frequency":"Variable Importances - Frequency", "run_time":"Runtime in milliseconds", "status":"Job status", "domains":"Domains for categorical columns", "model_category":"Category of the model (e.g., Binomial)", "__meta":"Metadata on this schema instance, to make it self-describing.", "variable_importances":"Variable Importances", "native_parameters":"XGBoost Native Parameters", "model_summary":"Model summary", "variable_importances_cover":"Variable Importances - Cover", "scoring_history":"Scoring history", "help":"Help information for output fields", "end_time":"End time in milliseconds", "names":"Column names", "column_types":"Column types", "cross_validation_fold_assignment_frame_id":"Cross-validation fold assignment (each row is assigned to one holdout fold)", "start_time":"Start time in milliseconds", "training_metrics":"Training data model metrics", "cross_validation_models":"Cross-validation models (model ids)", "cross_validation_metrics":"Cross-validation model metrics", "sparse":"Sparse", "cross_validation_predictions":"Cross-validation predictions, one per cv model (deprecated, use cross_validation_holdout_predictions_frame_id instead)", "cross_validation_holdout_predictions_frame_id":"Cross-validation holdout predictions (full out-of-sample predictions on training data)"},"variable_importances":{"__meta":{"schema_version":3,"schema_name":"TwoDimTableV3","schema_type":"TwoDimTable"},"name":"Variable Importances","description":"","columns":[{"__meta":{"schema_version":-1,"schema_name":"ColumnSpecsBase","schema_type":"Iced"},"name":"variable","type":"string","format":"%s","description":"Variable"},{"__meta":{"schema_version":-1,"schema_name":"ColumnSpecsBase","schema_type":"Iced"},"name":"relative_importance","type":"double","format":"%5f","description":"Relative Importance"},{"__meta":{"schema_version":-1,"schema_name":"ColumnSpecsBase","schema_type":"Iced"},"name":"scaled_importance","type":"double","format":"%5f","description":"Scaled Importance"},{"__meta":{"schema_version":-1,"schema_name":"ColumnSpecsBase","schema_type":"Iced"},"name":"percentage","type":"double","format":"%5f","description":"Percentage"}],"rowcount":3,"data":[["Petal.Length","Petal.Width","Sepal.Length"],[1022.826171875,431.3588562011719,12.446907997131348],[1.0,0.4217323217398942,0.0121691332695508],[0.6973979951735337,0.294115275681282,0.008486729145184278]]},"variable_importances_cover":{"__meta":{"schema_version":3,"schema_name":"TwoDimTableV3","schema_type":"TwoDimTable"},"name":"Variable Importances - Cover","description":"","columns":[{"__meta":{"schema_version":-1,"schema_name":"ColumnSpecsBase","schema_type":"Iced"},"name":"variable","type":"string","format":"%s","description":"Variable"},{"__meta":{"schema_version":-1,"schema_name":"ColumnSpecsBase","schema_type":"Iced"},"name":"relative_importance","type":"double","format":"%5f","description":"Relative Importance"},{"__meta":{"schema_version":-1,"schema_name":"ColumnSpecsBase","schema_type":"Iced"},"name":"scaled_importance","type":"double","format":"%5f","description":"Scaled Importance"},{"__meta":{"schema_version":-1,"schema_name":"ColumnSpecsBase","schema_type":"Iced"},"name":"percentage","type":"double","format":"%5f","description":"Percentage"}],"rowcount":3,"data":[["Petal.Length","Petal.Width","Sepal.Length"],[4357.22900390625,1580.9605712890625,351.84149169921875],[1.0,0.3628362360279282,0.08074890977357245],[0.6927197906603456,0.2513438414652541,0.05593636787440025]]},"variable_importances_frequency":{"__meta":{"schema_version":3,"schema_name":"TwoDimTableV3","schema_type":"TwoDimTable"},"name":"Variable Importances - Frequency","description":"","columns":[{"__meta":{"schema_version":-1,"schema_name":"ColumnSpecsBase","schema_type":"Iced"},"name":"variable","type":"string","format":"%s","description":"Variable"},{"__meta":{"schema_version":-1,"schema_name":"ColumnSpecsBase","schema_type":"Iced"},"name":"relative_importance","type":"double","format":"%5f","description":"Relative Importance"},{"__meta":{"schema_version":-1,"schema_name":"ColumnSpecsBase","schema_type":"Iced"},"name":"scaled_importance","type":"double","format":"%5f","description":"Scaled Importance"},{"__meta":{"schema_version":-1,"schema_name":"ColumnSpecsBase","schema_type":"Iced"},"name":"percentage","type":"double","format":"%5f","description":"Percentage"}],"rowcount":3,"data":[["Petal.Length","Petal.Width","Sepal.Length"],[234.0,88.0,43.0],[1.0,0.37606837606837606,0.18376068376068377],[0.6410958904109589,0.2410958904109589,0.1178082191780822]]},"native_parameters":{"__meta":{"schema_version":3,"schema_name":"TwoDimTableV3","schema_type":"TwoDimTable"},"name":"Native XGBoost Parameters","description":"","columns":[{"__meta":{"schema_version":-1,"schema_name":"ColumnSpecsBase","schema_type":"Iced"},"name":"","type":"string","format":"%s","description":""},{"__meta":{"schema_version":-1,"schema_name":"ColumnSpecsBase","schema_type":"Iced"},"name":"name","type":"string","format":"%s","description":"Name"},{"__meta":{"schema_version":-1,"schema_name":"ColumnSpecsBase","schema_type":"Iced"},"name":"value","type":"string","format":"%s","description":"Value"}],"rowcount":24,"data":[["","","","","","","","","","","","","","","","","","","","","","","",""],["silent","normalize_type","eta","objective","colsample_bylevel","nthread","seed","num_class","min_child_weight","rate_drop","one_drop","sample_type","max_depth","colsample_bytree","lambda","gamma","alpha","booster","grow_policy","skip_drop","nround","subsample","max_delta_step","tree_method"],[true,"tree",0.05,"multi:softprob",1.0,12,1,3,0.1,0.0,"0","uniform",20,1.0,0.001,0.0,1.0,"dart","depthwise",0.0,10000,0.8,0.0,"auto"]]},"sparse":false},"compatible_frames":null}
